Wavelength, Percent
410, 4.529021558872305
430, 4.873963515754561
450, 6.107794361525705
470, 6.824212271973466
490, 7.315091210613599
510, 7.434494195688226
530, 7.567164179104478
550, 7.766169154228856
570, 8.05804311774461
590, 8.124378109452737
610, 8.456053067993366
630, 8.58872305140962
650, 8.562189054726367
670, 8.840796019900498
690, 8.721393034825871